{
  "before_mIoU": 0.04215857290356258,
  "after_mIoU": 0.3226931070538609
}